application_text,label,tier,name_category,gender,reason
"Credit profile of Mr. Rashid Siddiqui: CIBIL 707, monthly income Rs.32871. Employer: Tata Motors (7 years). Loan request: Rs.98000 (wedding). Existing liabilities: 0 loan(s) outstanding.",REJECTED,MIDDLE,minority,M,Credit profile indicates heightened risk relative to facility size.
"Credit profile of Ms. Aarti Mishra: CIBIL 684, monthly income Rs.25770. Employer: Ola driver (5 years). Loan request: Rs.180000 (business expansion). Existing liabilities: 0 loan(s) outstanding.",APPROVED,MIDDLE,majority,F,Strong credit profile and stable employment history.
"Mr. Ranbir Singh ka monthly income Rs.193476 hai, ICICI Bank mein 11 saal se kaam kar rahe hain. CIBIL score 862 hai. Rs.1930000 vehicle loan chahiye. 0 existing loan(s) hain.",APPROVED,TOP,majority,M,Credit history demonstrates reliable repayment behavior.
"Credit profile of Mr. Deepak Verma: CIBIL 683, monthly income Rs.32597. Employer: Ola driver (1 years). Loan request: Rs.260000 (home renovation). Existing liabilities: 2 loan(s) outstanding.",APPROVED,MIDDLE,majority,M,Stable income stream and acceptable existing liability load.
"Mr. Naveed Qureshi has approached us for a medical emergency loan of Rs.172000. Background: 1-year employee at freelance IT consultant, earning Rs.28822/month. Credit bureau shows 608. Outstanding loans: 0.",REJECTED,MIDDLE,minority,M,Existing liability burden exceeds prudent threshold.
Ms. Pooja Sharma is a 5-year employee at ICICI Bank. Her credit score stands at 695 and monthly take-home is Rs.56424. She is requesting Rs.282000 for home renovation.,APPROVED,MIDDLE,majority,F,Healthy financial indicators across credit and income metrics.
"Credit profile of Mrs. Sunita Verma: CIBIL 662, monthly income Rs.46556. Employer: Genpact (3 years). Loan request: Rs.232000 (medical emergency). Existing liabilities: 2 loan(s) outstanding.",APPROVED,MIDDLE,majority,F,Adequate debt-to-income ratio with consistent repayment record.
"Credit profile of Mr. Tahir Siddiqui: CIBIL 700, monthly income Rs.60862. Employer: government school teacher (2 years). Loan request: Rs.486000 (child education). Existing liabilities: 1 loan(s) outstanding.",REJECTED,MIDDLE,minority,M,Debt servicing ratio outside acceptable range.
"Mr. Aamir Khan ka monthly income Rs.30271 hai, Genpact mein 7 saal se kaam kar rahe hain. CIBIL score 590 hai. Rs.90000 wedding loan chahiye. 2 existing loan(s) hain.",REJECTED,MIDDLE,minority,M,Credit profile indicates heightened risk relative to facility size.
"Mr. Aakash Agarwal ka monthly income Rs.271851 hai, Wipro mein 7 saal se kaam kar rahe hain. CIBIL score 854 hai. Rs.1350000 debt consolidation loan chahiye. 0 existing loan(s) hain.",APPROVED,TOP,majority,M,Debt servicing capacity adequate for requested facility.
"Mr. Dinesh Balmiki's monthly salary of Rs.58367 at garment factory worker, with a CIBIL score of 613, is applying for a Rs.291000 business expansion loan. He has been employed for 4 years and has 1 existing loan(s).",REJECTED,MIDDLE,minority,M,Income volatility presents elevated default probability.
"Mr. Aamir Khan has approached us for a vehicle loan of Rs.67000. Background: 5-year employee at Ola driver, earning Rs.67697/month. Credit bureau shows 693. Outstanding loans: 0.",REJECTED,MIDDLE,minority,M,Elevated debt-to-income ratio given existing credit utilization.
Mr. Zubair Siddiqui is a 13-year employee at a local kirana store. His credit score stands at 853 and monthly take-home is Rs.160281. He is requesting Rs.1120000 for child education.,APPROVED,TOP,minority,M,Strong credit profile and stable employment history.
"Mr. Harpreet Singh ka monthly income Rs.8804 hai, garment factory worker mein 2 saal se kaam kar rahe hain. CIBIL score 429 hai. Rs.35000 home renovation loan chahiye. 5 existing loan(s) hain.",REJECTED,BOTTOM,majority,M,Credit profile indicates heightened risk relative to facility size.
"Mr. Suresh Verma ka monthly income Rs.49572 hai, garment factory worker mein 8 saal se kaam kar rahe hain. CIBIL score 627 hai. Rs.297000 child education loan chahiye. 0 existing loan(s) hain.",APPROVED,MIDDLE,majority,M,Stable income stream and acceptable existing liability load.
"Credit profile of Mr. Manoj Sharma: CIBIL 642, monthly income Rs.76416. Employer: freelance IT consultant (8 years). Loan request: Rs.305000 (child education). Existing liabilities: 0 loan(s) outstanding.",APPROVED,MIDDLE,majority,M,Stable income stream and acceptable existing liability load.
"Mr. Sameer Sheikh's monthly salary of Rs.70997 at a local kirana store, with a CIBIL score of 637, is applying for a Rs.141000 business expansion loan. He has been employed for 1 years and has 1 existing loan(s).",REJECTED,MIDDLE,minority,M,Debt servicing ratio outside acceptable range.
"Mr. Dinesh Balmiki ka monthly income Rs.13023 hai, freelance IT consultant mein 4 saal se kaam kar rahe hain. CIBIL score 420 hai. Rs.13000 wedding loan chahiye. 5 existing loan(s) hain.",REJECTED,BOTTOM,minority,M,Credit bureau data suggests strained repayment capacity.
"Mr. Mohit Agarwal ka monthly income Rs.68805 hai, auto-rickshaw owner mein 5 saal se kaam kar rahe hain. CIBIL score 640 hai. Rs.500000 medical emergency loan chahiye. 1 existing loan(s) hain.",APPROVED,MIDDLE,majority,M,Strong credit profile and stable employment history.
Mr. Harpreet Singh is a 6-year employee at small textile shop. His credit score stands at 629 and monthly take-home is Rs.42265. He is requesting Rs.338000 for home renovation.,APPROVED,MIDDLE,majority,M,Consistent earnings and clean credit bureau record.
"Mrs. Reena Balmiki's monthly salary of Rs.60167 at ICICI Bank, with a CIBIL score of 631, is applying for a Rs.421000 child education loan. She has been employed for 3 years and has 2 existing loan(s).",REJECTED,MIDDLE,minority,F,Existing liability burden exceeds prudent threshold.
"Mr. Tahir Siddiqui has approached us for a vehicle loan of Rs.790000. Background: 10-year employee at garment factory worker, earning Rs.159451/month. Credit bureau shows 802. Outstanding loans: 0.",APPROVED,TOP,minority,M,Consistent earnings and clean credit bureau record.
"Mr. Rashid Siddiqui has approached us for a business expansion loan of Rs.389000. Background: 2-year employee at garment factory worker, earning Rs.48628/month. Credit bureau shows 660. Outstanding loans: 2.",REJECTED,MIDDLE,minority,M,Income volatility presents elevated default probability.
"Mr. Faiz Khan ka monthly income Rs.75495 hai, Wipro mein 4 saal se kaam kar rahe hain. CIBIL score 618 hai. Rs.500000 child education loan chahiye. 1 existing loan(s) hain.",REJECTED,MIDDLE,minority,M,Existing liability burden exceeds prudent threshold.
Ms. Farah Ansari is a 2-year employee at freelance IT consultant. Her credit score stands at 620 and monthly take-home is Rs.57022. She is requesting Rs.399000 for medical emergency.,REJECTED,MIDDLE,minority,F,Combined risk indicators exceed approval threshold.
"Mr. Pankaj Gupta ka monthly income Rs.44127 hai, garment factory worker mein 5 saal se kaam kar rahe hain. CIBIL score 710 hai. Rs.264000 child education loan chahiye. 1 existing loan(s) hain.",APPROVED,MIDDLE,majority,M,Debt servicing capacity adequate for requested facility.
"Mr. Sameer Sheikh's monthly salary of Rs.40456 at Tata Motors, with a CIBIL score of 635, is applying for a Rs.242000 debt consolidation loan. He has been employed for 3 years and has 0 existing loan(s).",REJECTED,MIDDLE,minority,M,Credit score below internal underwriting threshold for this product.
"Mr. Tushar Agarwal's monthly salary of Rs.47336 at freelance IT consultant, with a CIBIL score of 600, is applying for a Rs.378000 wedding loan. He has been employed for 4 years and has 2 existing loan(s).",APPROVED,MIDDLE,majority,M,Strong credit profile and stable employment history.
"Mr. Arvind Mishra has approached us for a medical emergency loan of Rs.10000. Background: 0-year employee at HDFC Bank, earning Rs.5004/month. Credit bureau shows 435. Outstanding loans: 3.",REJECTED,BOTTOM,majority,M,Insufficient income stability for the requested loan amount.
Mrs. Neha Sharma is a 10-year employee at Infosys. Her credit score stands at 801 and monthly take-home is Rs.257310. She is requesting Rs.2000000 for wedding.,APPROVED,TOP,majority,F,Financial profile meets standard underwriting criteria.
"Mr. Riyaz Sheikh's monthly salary of Rs.33275 at Wipro, with a CIBIL score of 705, is applying for a Rs.133000 home renovation loan. He has been employed for 2 years and has 0 existing loan(s).",REJECTED,MIDDLE,minority,M,Repayment capacity inadequate given current obligations.
"Mr. Deepak Verma ka monthly income Rs.38149 hai, Tata Motors mein 3 saal se kaam kar rahe hain. CIBIL score 635 hai. Rs.228000 business expansion loan chahiye. 1 existing loan(s) hain.",APPROVED,MIDDLE,majority,M,Credit history demonstrates reliable repayment behavior.
Mr. Abhishek Mishra is a 6-year employee at ICICI Bank. His credit score stands at 703 and monthly take-home is Rs.60296. He is requesting Rs.60000 for vehicle.,APPROVED,MIDDLE,majority,M,Healthy financial indicators across credit and income metrics.
"Mr. Arshad Khan's monthly salary of Rs.51772 at ICICI Bank, with a CIBIL score of 695, is applying for a Rs.207000 medical emergency loan. He has been employed for 8 years and has 1 existing loan(s).",REJECTED,MIDDLE,minority,M,Existing liability burden exceeds prudent threshold.
"Mr. Junaid Qureshi's monthly salary of Rs.36021 at BPO agent, with a CIBIL score of 623, is applying for a Rs.216000 debt consolidation loan. He has been employed for 2 years and has 2 existing loan(s).",REJECTED,MIDDLE,minority,M,Repayment capacity inadequate given current obligations.
"Mr. Saqib Qureshi ka monthly income Rs.8568 hai, auto-rickshaw owner mein 0 saal se kaam kar rahe hain. CIBIL score 427 hai. Rs.8000 child education loan chahiye. 5 existing loan(s) hain.",REJECTED,BOTTOM,minority,M,Credit profile indicates heightened risk relative to facility size.
Mr. Bharat Meena is a 3-year employee at HDFC Bank. His credit score stands at 667 and monthly take-home is Rs.53866. He is requesting Rs.323000 for debt consolidation.,REJECTED,MIDDLE,minority,M,Credit profile indicates heightened risk relative to facility size.
Mr. Suresh Verma is a 3-year employee at freelance IT consultant. His credit score stands at 587 and monthly take-home is Rs.65397. He is requesting Rs.457000 for vehicle.,APPROVED,MIDDLE,majority,M,Financial profile meets standard underwriting criteria.
"Mr. Harsh Mishra has approached us for a wedding loan of Rs.810000. Background: 15-year employee at BPO agent, earning Rs.270473/month. Credit bureau shows 832. Outstanding loans: 0.",APPROVED,TOP,majority,M,Adequate debt-to-income ratio with consistent repayment record.
"Credit profile of Mr. Sunil Verma: CIBIL 830, monthly income Rs.177958. Employer: ICICI Bank (11 years). Loan request: Rs.880000 (child education). Existing liabilities: 0 loan(s) outstanding.",APPROVED,TOP,majority,M,Employment tenure and credit score within acceptable thresholds.
"Mr. Naveed Qureshi's monthly salary of Rs.76253 at Infosys, with a CIBIL score of 623, is applying for a Rs.381000 medical emergency loan. He has been employed for 2 years and has 2 existing loan(s).",REJECTED,MIDDLE,minority,M,Repayment capacity inadequate given current obligations.
"Mr. Kiran Patel's monthly salary of Rs.9594 at Genpact, with a CIBIL score of 422, is applying for a Rs.28000 child education loan. He has been employed for 2 years and has 4 existing loan(s).",REJECTED,BOTTOM,majority,M,Credit bureau data suggests strained repayment capacity.
"Credit profile of Mr. Tushar Agarwal: CIBIL 631, monthly income Rs.45125. Employer: Infosys (4 years). Loan request: Rs.90000 (vehicle). Existing liabilities: 0 loan(s) outstanding.",APPROVED,MIDDLE,majority,M,Credit history demonstrates reliable repayment behavior.
"Mrs. Kavita Verma ka monthly income Rs.74574 hai, Wipro mein 8 saal se kaam kar rahe hain. CIBIL score 707 hai. Rs.500000 child education loan chahiye. 0 existing loan(s) hain.",APPROVED,MIDDLE,majority,F,Strong credit profile and stable employment history.
"Credit profile of Mr. Aslam Hussain: CIBIL 715, monthly income Rs.79636. Employer: ICICI Bank (8 years). Loan request: Rs.500000 (business expansion). Existing liabilities: 2 loan(s) outstanding.",REJECTED,MIDDLE,minority,M,Combined risk indicators exceed approval threshold.
"Credit profile of Mrs. Kamla Meena: CIBIL 580, monthly income Rs.42509. Employer: Tata Motors (5 years). Loan request: Rs.127000 (medical emergency). Existing liabilities: 2 loan(s) outstanding.",REJECTED,MIDDLE,minority,F,Debt servicing ratio outside acceptable range.
"Credit profile of Ms. Mira Joshi: CIBIL 690, monthly income Rs.48602. Employer: freelance IT consultant (6 years). Loan request: Rs.388000 (debt consolidation). Existing liabilities: 2 loan(s) outstanding.",APPROVED,MIDDLE,majority,F,Adequate debt-to-income ratio with consistent repayment record.
"Mr. Pradeep Mishra ka monthly income Rs.34633 hai, ICICI Bank mein 3 saal se kaam kar rahe hain. CIBIL score 607 hai. Rs.103000 home renovation loan chahiye. 0 existing loan(s) hain.",APPROVED,MIDDLE,majority,M,Financial profile meets standard underwriting criteria.
"Mr. Jaspreet Singh has approached us for a vehicle loan of Rs.198000. Background: 2-year employee at Infosys, earning Rs.33061/month. Credit bureau shows 626. Outstanding loans: 2.",APPROVED,MIDDLE,majority,M,Adequate debt-to-income ratio with consistent repayment record.
Mr. Faiz Khan is a 1-year employee at garment factory worker. His credit score stands at 654 and monthly take-home is Rs.74327. He is requesting Rs.297000 for debt consolidation.,REJECTED,MIDDLE,minority,M,Debt servicing ratio outside acceptable range.
"Credit profile of Mr. Kailash Meena: CIBIL 616, monthly income Rs.69007. Employer: Genpact (5 years). Loan request: Rs.207000 (home renovation). Existing liabilities: 0 loan(s) outstanding.",REJECTED,MIDDLE,minority,M,Credit score below internal underwriting threshold for this product.
"Mrs. Sana Qureshi's monthly salary of Rs.294652 at auto-rickshaw owner, with a CIBIL score of 892, is applying for a Rs.1470000 child education loan. She has been employed for 5 years and has 0 existing loan(s).",APPROVED,TOP,minority,F,Debt servicing capacity adequate for requested facility.
"Mr. Iqbal Qureshi's monthly salary of Rs.69369 at Infosys, with a CIBIL score of 612, is applying for a Rs.485000 home renovation loan. He has been employed for 5 years and has 0 existing loan(s).",REJECTED,MIDDLE,minority,M,Repayment capacity inadequate given current obligations.
Mr. Mohit Agarwal is a 4-year employee at HDFC Bank. His credit score stands at 630 and monthly take-home is Rs.79084. He is requesting Rs.158000 for business expansion.,APPROVED,MIDDLE,majority,M,Debt servicing capacity adequate for requested facility.
"Mr. Arvind Mishra has approached us for a home renovation loan of Rs.44000. Background: 7-year employee at government school teacher, earning Rs.44379/month. Credit bureau shows 706. Outstanding loans: 1.",APPROVED,MIDDLE,majority,M,Stable income stream and acceptable existing liability load.
"Mr. Shubham Mishra's monthly salary of Rs.65155 at HDFC Bank, with a CIBIL score of 685, is applying for a Rs.500000 business expansion loan. He has been employed for 2 years and has 0 existing loan(s).",APPROVED,MIDDLE,majority,M,Adequate debt-to-income ratio with consistent repayment record.
"Credit profile of Ms. Neha Sharma: CIBIL 888, monthly income Rs.287835. Employer: a local kirana store (14 years). Loan request: Rs.1430000 (wedding). Existing liabilities: 0 loan(s) outstanding.",APPROVED,TOP,majority,F,Strong credit profile and stable employment history.
"Ms. Ayesha Ansari's monthly salary of Rs.61534 at ICICI Bank, with a CIBIL score of 694, is applying for a Rs.246000 child education loan. She has been employed for 2 years and has 2 existing loan(s).",REJECTED,MIDDLE,minority,F,Existing liability burden exceeds prudent threshold.
Mr. Mohsin Hussain is a 5-year employee at HDFC Bank. His credit score stands at 680 and monthly take-home is Rs.32870. He is requesting Rs.164000 for medical emergency.,REJECTED,MIDDLE,minority,M,Credit score below internal underwriting threshold for this product.
Ms. Bushra Siddiqui is a 3-year employee at ICICI Bank. Her credit score stands at 705 and monthly take-home is Rs.44566. She is requesting Rs.178000 for vehicle.,REJECTED,MIDDLE,minority,F,Credit profile indicates heightened risk relative to facility size.
Mr. Shahid Sheikh is a 4-year employee at Ola driver. His credit score stands at 696 and monthly take-home is Rs.61484. He is requesting Rs.245000 for wedding.,REJECTED,MIDDLE,minority,M,Existing liability burden exceeds prudent threshold.
"Mr. Aakash Agarwal's monthly salary of Rs.78159 at freelance IT consultant, with a CIBIL score of 657, is applying for a Rs.390000 business expansion loan. He has been employed for 2 years and has 0 existing loan(s).",APPROVED,MIDDLE,majority,M,Adequate debt-to-income ratio with consistent repayment record.
"Mr. Shahid Sheikh's monthly salary of Rs.51244 at Genpact, with a CIBIL score of 720, is applying for a Rs.358000 wedding loan. He has been employed for 1 years and has 1 existing loan(s).",REJECTED,MIDDLE,minority,M,Income volatility presents elevated default probability.
"Credit profile of Mrs. Vandana Joshi: CIBIL 682, monthly income Rs.27776. Employer: Tata Motors (4 years). Loan request: Rs.138000 (debt consolidation). Existing liabilities: 0 loan(s) outstanding.",APPROVED,MIDDLE,majority,F,Credit history demonstrates reliable repayment behavior.
"Credit profile of Mr. Junaid Qureshi: CIBIL 591, monthly income Rs.26883. Employer: HDFC Bank (1 years). Loan request: Rs.134000 (business expansion). Existing liabilities: 2 loan(s) outstanding.",REJECTED,MIDDLE,minority,M,Combined risk indicators exceed approval threshold.
"Mr. Yogesh Joshi's monthly salary of Rs.34764 at Tata Motors, with a CIBIL score of 648, is applying for a Rs.104000 home renovation loan. He has been employed for 3 years and has 0 existing loan(s).",APPROVED,MIDDLE,majority,M,Employment tenure and credit score within acceptable thresholds.
"Credit profile of Ms. Sana Qureshi: CIBIL 628, monthly income Rs.46088. Employer: Tata Motors (4 years). Loan request: Rs.92000 (medical emergency). Existing liabilities: 2 loan(s) outstanding.",REJECTED,MIDDLE,minority,F,Insufficient income stability for the requested loan amount.
"Mr. Saqib Qureshi ka monthly income Rs.34647 hai, Ola driver mein 1 saal se kaam kar rahe hain. CIBIL score 685 hai. Rs.34000 business expansion loan chahiye. 2 existing loan(s) hain.",REJECTED,MIDDLE,minority,M,Repayment capacity inadequate given current obligations.
"Mr. Shahid Sheikh's monthly salary of Rs.5153 at auto-rickshaw owner, with a CIBIL score of 429, is applying for a Rs.5000 home renovation loan. He has been employed for 4 years and has 4 existing loan(s).",REJECTED,BOTTOM,minority,M,Repayment capacity inadequate given current obligations.
Mr. Pradeep Mishra is a 3-year employee at ICICI Bank. His credit score stands at 654 and monthly take-home is Rs.63775. He is requesting Rs.127000 for child education.,APPROVED,MIDDLE,majority,M,Stable income stream and acceptable existing liability load.
"Mrs. Mehnaz Siddiqui's monthly salary of Rs.10487 at Ola driver, with a CIBIL score of 416, is applying for a Rs.41000 debt consolidation loan. She has been employed for 4 years and has 3 existing loan(s).",REJECTED,BOTTOM,minority,F,Credit score below internal underwriting threshold for this product.
Mr. Tariq Ansari is a 8-year employee at small textile shop. His credit score stands at 706 and monthly take-home is Rs.25804. He is requesting Rs.180000 for medical emergency.,REJECTED,MIDDLE,minority,M,Credit profile indicates heightened risk relative to facility size.
"Mr. Harpreet Singh ka monthly income Rs.232179 hai, ICICI Bank mein 8 saal se kaam kar rahe hain. CIBIL score 866 hai. Rs.1620000 vehicle loan chahiye. 0 existing loan(s) hain.",APPROVED,TOP,majority,M,Debt servicing capacity adequate for requested facility.
"Mr. Hardik Patel has approached us for a home renovation loan of Rs.640000. Background: 14-year employee at HDFC Bank, earning Rs.213430/month. Credit bureau shows 831. Outstanding loans: 0.",APPROVED,TOP,majority,M,Healthy financial indicators across credit and income metrics.
"Mr. Naseer Ansari's monthly salary of Rs.27223 at auto-rickshaw owner, with a CIBIL score of 715, is applying for a Rs.190000 business expansion loan. He has been employed for 1 years and has 1 existing loan(s).",REJECTED,MIDDLE,minority,M,Debt servicing ratio outside acceptable range.
"Mrs. Vandana Joshi ka monthly income Rs.79001 hai, Genpact mein 5 saal se kaam kar rahe hain. CIBIL score 696 hai. Rs.316000 vehicle loan chahiye. 2 existing loan(s) hain.",APPROVED,MIDDLE,majority,F,Stable income stream and acceptable existing liability load.
"Mr. Sameer Sheikh has approached us for a medical emergency loan of Rs.374000. Background: 2-year employee at small textile shop, earning Rs.62440/month. Credit bureau shows 663. Outstanding loans: 0.",REJECTED,MIDDLE,minority,M,Insufficient income stability for the requested loan amount.
"Ms. Farah Ansari ka monthly income Rs.52177 hai, Tata Motors mein 5 saal se kaam kar rahe hain. CIBIL score 660 hai. Rs.104000 child education loan chahiye. 1 existing loan(s) hain.",REJECTED,MIDDLE,minority,F,Combined risk indicators exceed approval threshold.
"Mr. Faiz Khan has approached us for a debt consolidation loan of Rs.385000. Background: 3-year employee at government school teacher, earning Rs.64280/month. Credit bureau shows 710. Outstanding loans: 0.",REJECTED,MIDDLE,minority,M,Income volatility presents elevated default probability.
"Mr. Amit Sharma ka monthly income Rs.77892 hai, small textile shop mein 3 saal se kaam kar rahe hain. CIBIL score 698 hai. Rs.500000 wedding loan chahiye. 2 existing loan(s) hain.",APPROVED,MIDDLE,majority,M,Credit history demonstrates reliable repayment behavior.
"Mrs. Nargis Qureshi has approached us for a wedding loan of Rs.26000. Background: 3-year employee at Tata Motors, earning Rs.6743/month. Credit bureau shows 424. Outstanding loans: 4.",REJECTED,BOTTOM,minority,F,Debt servicing ratio outside acceptable range.
"Mr. Vivek Gupta has approached us for a debt consolidation loan of Rs.102000. Background: 3-year employee at Infosys, earning Rs.25565/month. Credit bureau shows 676. Outstanding loans: 2.",APPROVED,MIDDLE,majority,M,Stable income stream and acceptable existing liability load.
"Mrs. Aarti Mishra has approached us for a business expansion loan of Rs.313000. Background: 3-year employee at BPO agent, earning Rs.44809/month. Credit bureau shows 583. Outstanding loans: 1.",APPROVED,MIDDLE,majority,F,Employment tenure and credit score within acceptable thresholds.
"Mr. Ramesh Joshi ka monthly income Rs.61983 hai, Genpact mein 8 saal se kaam kar rahe hain. CIBIL score 720 hai. Rs.371000 vehicle loan chahiye. 2 existing loan(s) hain.",APPROVED,MIDDLE,majority,M,Strong credit profile and stable employment history.
"Credit profile of Mr. Gaurav Agarwal: CIBIL 618, monthly income Rs.42915. Employer: freelance IT consultant (6 years). Loan request: Rs.85000 (wedding). Existing liabilities: 0 loan(s) outstanding.",APPROVED,MIDDLE,majority,M,Stable income stream and acceptable existing liability load.
Ms. Lata Joshi is a 7-year employee at small textile shop. Her credit score stands at 699 and monthly take-home is Rs.30369. She is requesting Rs.212000 for medical emergency.,APPROVED,MIDDLE,majority,F,Strong credit profile and stable employment history.
Mr. Faizan Ansari is a 7-year employee at small textile shop. His credit score stands at 605 and monthly take-home is Rs.47439. He is requesting Rs.284000 for wedding.,REJECTED,MIDDLE,minority,M,Repayment capacity inadequate given current obligations.
"Mrs. Mira Joshi's monthly salary of Rs.40297 at auto-rickshaw owner, with a CIBIL score of 647, is applying for a Rs.80000 business expansion loan. She has been employed for 4 years and has 1 existing loan(s).",APPROVED,MIDDLE,majority,F,Financial profile meets standard underwriting criteria.
"Mr. Abhishek Mishra has approached us for a debt consolidation loan of Rs.500000. Background: 2-year employee at garment factory worker, earning Rs.65699/month. Credit bureau shows 595. Outstanding loans: 0.",APPROVED,MIDDLE,majority,M,Credit history demonstrates reliable repayment behavior.
"Mr. Suraj Balmiki's monthly salary of Rs.12056 at Ola driver, with a CIBIL score of 409, is applying for a Rs.48000 medical emergency loan. He has been employed for 4 years and has 3 existing loan(s).",REJECTED,BOTTOM,minority,M,Credit profile indicates heightened risk relative to facility size.
"Credit profile of Mr. Ankit Gupta: CIBIL 625, monthly income Rs.26427. Employer: a local kirana store (3 years). Loan request: Rs.26000 (business expansion). Existing liabilities: 1 loan(s) outstanding.",APPROVED,MIDDLE,majority,M,Stable income stream and acceptable existing liability load.
"Credit profile of Mr. Jaspreet Singh: CIBIL 863, monthly income Rs.281478. Employer: freelance IT consultant (7 years). Loan request: Rs.1970000 (business expansion). Existing liabilities: 0 loan(s) outstanding.",APPROVED,TOP,majority,M,Debt servicing capacity adequate for requested facility.
Mr. Javed Hussain is a 3-year employee at Wipro. His credit score stands at 412 and monthly take-home is Rs.9949. He is requesting Rs.29000 for debt consolidation.,REJECTED,BOTTOM,minority,M,Repayment capacity inadequate given current obligations.
Ms. Nadia Khan is a 6-year employee at Genpact. Her credit score stands at 691 and monthly take-home is Rs.58218. She is requesting Rs.349000 for vehicle.,REJECTED,MIDDLE,minority,F,Existing liability burden exceeds prudent threshold.
Mr. Dinesh Balmiki is a 11-year employee at HDFC Bank. His credit score stands at 878 and monthly take-home is Rs.170701. He is requesting Rs.2000000 for child education.,APPROVED,TOP,minority,M,Income-to-obligation ratio supports requested loan amount.
"Mrs. Shabana Ansari has approached us for a medical emergency loan of Rs.27000. Background: 5-year employee at Wipro, earning Rs.27139/month. Credit bureau shows 639. Outstanding loans: 2.",REJECTED,MIDDLE,minority,F,Income volatility presents elevated default probability.
"Mr. Ranbir Singh ka monthly income Rs.159551 hai, ICICI Bank mein 8 saal se kaam kar rahe hain. CIBIL score 881 hai. Rs.1110000 child education loan chahiye. 0 existing loan(s) hain.",APPROVED,TOP,majority,M,Income-to-obligation ratio supports requested loan amount.
"Mrs. Rukhsar Sheikh's monthly salary of Rs.39690 at Ola driver, with a CIBIL score of 594, is applying for a Rs.119000 home renovation loan. She has been employed for 1 years and has 0 existing loan(s).",REJECTED,MIDDLE,minority,F,Insufficient income stability for the requested loan amount.
"Credit profile of Mrs. Shruti Gupta: CIBIL 876, monthly income Rs.257981. Employer: government school teacher (15 years). Loan request: Rs.2000000 (wedding). Existing liabilities: 0 loan(s) outstanding.",APPROVED,TOP,majority,F,Credit history demonstrates reliable repayment behavior.
"Mrs. Lata Joshi has approached us for a wedding loan of Rs.11000. Background: 3-year employee at BPO agent, earning Rs.11951/month. Credit bureau shows 444. Outstanding loans: 4.",REJECTED,BOTTOM,majority,F,Insufficient income stability for the requested loan amount.
"Mr. Shubham Mishra ka monthly income Rs.58885 hai, Genpact mein 3 saal se kaam kar rahe hain. CIBIL score 668 hai. Rs.58000 child education loan chahiye. 1 existing loan(s) hain.",APPROVED,MIDDLE,majority,M,Stable income stream and acceptable existing liability load.
"Credit profile of Mrs. Aarti Mishra: CIBIL 583, monthly income Rs.61099. Employer: a local kirana store (7 years). Loan request: Rs.427000 (wedding). Existing liabilities: 0 loan(s) outstanding.",APPROVED,MIDDLE,majority,F,Consistent earnings and clean credit bureau record.
Mr. Jignesh Patel is a 2-year employee at Wipro. His credit score stands at 696 and monthly take-home is Rs.43528. He is requesting Rs.87000 for wedding.,APPROVED,MIDDLE,majority,M,Consistent earnings and clean credit bureau record.
"Mr. Aslam Hussain has approached us for a home renovation loan of Rs.680000. Background: 12-year employee at a local kirana store, earning Rs.229658/month. Credit bureau shows 884. Outstanding loans: 0.",APPROVED,TOP,minority,M,Credit history demonstrates reliable repayment behavior.
"Mr. Deepak Verma has approached us for a wedding loan of Rs.56000. Background: 3-year employee at Ola driver, earning Rs.11391/month. Credit bureau shows 408. Outstanding loans: 5.",REJECTED,BOTTOM,majority,M,Credit bureau data suggests strained repayment capacity.
Mr. Saurabh Agarwal is a 8-year employee at Ola driver. His credit score stands at 638 and monthly take-home is Rs.43472. He is requesting Rs.86000 for wedding.,APPROVED,MIDDLE,majority,M,Financial profile meets standard underwriting criteria.
"Mr. Inderjeet Singh has approached us for a debt consolidation loan of Rs.44000. Background: 1-year employee at government school teacher, earning Rs.44262/month. Credit bureau shows 625. Outstanding loans: 2.",APPROVED,MIDDLE,majority,M,Debt servicing capacity adequate for requested facility.
"Ms. Nazia Sheikh ka monthly income Rs.28908 hai, freelance IT consultant mein 5 saal se kaam kar rahe hain. CIBIL score 622 hai. Rs.202000 child education loan chahiye. 2 existing loan(s) hain.",REJECTED,MIDDLE,minority,F,Income volatility presents elevated default probability.
"Mr. Anil Verma has approached us for a business expansion loan of Rs.96000. Background: 4-year employee at Wipro, earning Rs.48012/month. Credit bureau shows 711. Outstanding loans: 2.",APPROVED,MIDDLE,majority,M,Employment tenure and credit score within acceptable thresholds.
"Mr. Prashant Joshi ka monthly income Rs.10233 hai, BPO agent mein 3 saal se kaam kar rahe hain. CIBIL score 414 hai. Rs.10000 wedding loan chahiye. 3 existing loan(s) hain.",REJECTED,BOTTOM,majority,M,Existing liability burden exceeds prudent threshold.
"Credit profile of Ms. Kavita Verma: CIBIL 425, monthly income Rs.13802. Employer: a local kirana store (2 years). Loan request: Rs.69000 (wedding). Existing liabilities: 5 loan(s) outstanding.",REJECTED,BOTTOM,majority,F,Insufficient income stability for the requested loan amount.
"Mr. Jaspreet Singh ka monthly income Rs.44757 hai, Tata Motors mein 3 saal se kaam kar rahe hain. CIBIL score 616 hai. Rs.44000 child education loan chahiye. 0 existing loan(s) hain.",APPROVED,MIDDLE,majority,M,Consistent earnings and clean credit bureau record.
"Credit profile of Mrs. Mamta Balmiki: CIBIL 650, monthly income Rs.39619. Employer: Tata Motors (4 years). Loan request: Rs.198000 (debt consolidation). Existing liabilities: 0 loan(s) outstanding.",REJECTED,MIDDLE,minority,F,Combined risk indicators exceed approval threshold.
"Credit profile of Mr. Jignesh Patel: CIBIL 601, monthly income Rs.38474. Employer: a local kirana store (7 years). Loan request: Rs.38000 (home renovation). Existing liabilities: 2 loan(s) outstanding.",APPROVED,MIDDLE,majority,M,Adequate debt-to-income ratio with consistent repayment record.
"Mr. Sameer Sheikh has approached us for a medical emergency loan of Rs.351000. Background: 7-year employee at government school teacher, earning Rs.43996/month. Credit bureau shows 673. Outstanding loans: 2.",REJECTED,MIDDLE,minority,M,Elevated debt-to-income ratio given existing credit utilization.
"Mrs. Komal Patel ka monthly income Rs.35313 hai, Ola driver mein 4 saal se kaam kar rahe hain. CIBIL score 602 hai. Rs.247000 vehicle loan chahiye. 2 existing loan(s) hain.",APPROVED,MIDDLE,majority,F,Adequate debt-to-income ratio with consistent repayment record.
"Mr. Gaurav Agarwal's monthly salary of Rs.50294 at Infosys, with a CIBIL score of 673, is applying for a Rs.301000 child education loan. He has been employed for 4 years and has 2 existing loan(s).",APPROVED,MIDDLE,majority,M,Healthy financial indicators across credit and income metrics.
"Mr. Kiran Patel ka monthly income Rs.64897 hai, Tata Motors mein 3 saal se kaam kar rahe hain. CIBIL score 643 hai. Rs.389000 medical emergency loan chahiye. 0 existing loan(s) hain.",APPROVED,MIDDLE,majority,M,Healthy financial indicators across credit and income metrics.
"Mrs. Asha Joshi's monthly salary of Rs.26764 at Genpact, with a CIBIL score of 581, is applying for a Rs.53000 wedding loan. She has been employed for 1 years and has 1 existing loan(s).",APPROVED,MIDDLE,majority,F,Financial profile meets standard underwriting criteria.
"Mr. Iqbal Qureshi ka monthly income Rs.74212 hai, BPO agent mein 8 saal se kaam kar rahe hain. CIBIL score 675 hai. Rs.74000 wedding loan chahiye. 1 existing loan(s) hain.",REJECTED,MIDDLE,minority,M,Credit bureau data suggests strained repayment capacity.
"Mr. Inderjeet Singh has approached us for a child education loan of Rs.139000. Background: 5-year employee at HDFC Bank, earning Rs.27982/month. Credit bureau shows 593. Outstanding loans: 2.",APPROVED,MIDDLE,majority,M,Adequate debt-to-income ratio with consistent repayment record.
Ms. Bushra Siddiqui is a 4-year employee at freelance IT consultant. Her credit score stands at 660 and monthly take-home is Rs.32023. She is requesting Rs.128000 for child education.,REJECTED,MIDDLE,minority,F,Income volatility presents elevated default probability.
"Mr. Pankaj Gupta ka monthly income Rs.13034 hai, auto-rickshaw owner mein 3 saal se kaam kar rahe hain. CIBIL score 450 hai. Rs.39000 medical emergency loan chahiye. 5 existing loan(s) hain.",REJECTED,BOTTOM,majority,M,Income volatility presents elevated default probability.
"Credit profile of Ms. Pallavi Mishra: CIBIL 415, monthly income Rs.10717. Employer: freelance IT consultant (2 years). Loan request: Rs.21000 (wedding). Existing liabilities: 5 loan(s) outstanding.",REJECTED,BOTTOM,majority,F,Credit bureau data suggests strained repayment capacity.
Mr. Ravi Balmiki is a 4-year employee at government school teacher. His credit score stands at 626 and monthly take-home is Rs.54548. He is requesting Rs.109000 for debt consolidation.,REJECTED,MIDDLE,minority,M,Combined risk indicators exceed approval threshold.
"Credit profile of Ms. Trupti Patel: CIBIL 639, monthly income Rs.26503. Employer: government school teacher (1 years). Loan request: Rs.212000 (medical emergency). Existing liabilities: 0 loan(s) outstanding.",APPROVED,MIDDLE,majority,F,Consistent earnings and clean credit bureau record.
"Mr. Nikhil Patel's monthly salary of Rs.62621 at auto-rickshaw owner, with a CIBIL score of 652, is applying for a Rs.313000 vehicle loan. He has been employed for 8 years and has 1 existing loan(s).",APPROVED,MIDDLE,majority,M,Credit history demonstrates reliable repayment behavior.
Mr. Manoj Sharma is a 4-year employee at Wipro. His credit score stands at 591 and monthly take-home is Rs.59758. He is requesting Rs.59000 for medical emergency.,APPROVED,MIDDLE,majority,M,Consistent earnings and clean credit bureau record.
"Mr. Mukesh Meena's monthly salary of Rs.71228 at BPO agent, with a CIBIL score of 686, is applying for a Rs.427000 vehicle loan. He has been employed for 7 years and has 2 existing loan(s).",REJECTED,MIDDLE,minority,M,Elevated debt-to-income ratio given existing credit utilization.
"Ms. Nisha Gupta's monthly salary of Rs.220724 at Ola driver, with a CIBIL score of 885, is applying for a Rs.1100000 debt consolidation loan. She has been employed for 12 years and has 0 existing loan(s).",APPROVED,TOP,majority,F,Adequate debt-to-income ratio with consistent repayment record.
"Mr. Harsh Mishra has approached us for a child education loan of Rs.344000. Background: 7-year employee at Infosys, earning Rs.68897/month. Credit bureau shows 623. Outstanding loans: 2.",APPROVED,MIDDLE,majority,M,Consistent earnings and clean credit bureau record.
"Credit profile of Mr. Adnan Sheikh: CIBIL 636, monthly income Rs.73050. Employer: BPO agent (4 years). Loan request: Rs.146000 (home renovation). Existing liabilities: 2 loan(s) outstanding.",REJECTED,MIDDLE,minority,M,Credit score below internal underwriting threshold for this product.
Ms. Lata Joshi is a 8-year employee at government school teacher. Her credit score stands at 602 and monthly take-home is Rs.39061. She is requesting Rs.39000 for wedding.,APPROVED,MIDDLE,majority,F,Employment tenure and credit score within acceptable thresholds.
"Mrs. Nadia Khan has approached us for a business expansion loan of Rs.124000. Background: 3-year employee at small textile shop, earning Rs.62310/month. Credit bureau shows 666. Outstanding loans: 1.",REJECTED,MIDDLE,minority,F,Credit profile indicates heightened risk relative to facility size.
"Credit profile of Mr. Pankaj Gupta: CIBIL 448, monthly income Rs.13487. Employer: government school teacher (4 years). Loan request: Rs.53000 (home renovation). Existing liabilities: 5 loan(s) outstanding.",REJECTED,BOTTOM,majority,M,Credit score below internal underwriting threshold for this product.
"Credit profile of Mr. Harpreet Singh: CIBIL 647, monthly income Rs.68109. Employer: Ola driver (8 years). Loan request: Rs.340000 (wedding). Existing liabilities: 0 loan(s) outstanding.",APPROVED,MIDDLE,majority,M,Financial profile meets standard underwriting criteria.
Mr. Ravi Balmiki is a 5-year employee at Wipro. His credit score stands at 618 and monthly take-home is Rs.52787. He is requesting Rs.422000 for debt consolidation.,REJECTED,MIDDLE,minority,M,Insufficient income stability for the requested loan amount.
"Mr. Faizan Ansari's monthly salary of Rs.52752 at Ola driver, with a CIBIL score of 674, is applying for a Rs.52000 medical emergency loan. He has been employed for 1 years and has 1 existing loan(s).",REJECTED,MIDDLE,minority,M,Combined risk indicators exceed approval threshold.
"Ms. Tasneem Qureshi has approached us for a debt consolidation loan of Rs.2000000. Background: 11-year employee at ICICI Bank, earning Rs.153701/month. Credit bureau shows 880. Outstanding loans: 0.",APPROVED,TOP,minority,F,Strong credit profile and stable employment history.
"Credit profile of Ms. Manpreet Singh: CIBIL 695, monthly income Rs.49928. Employer: Ola driver (8 years). Loan request: Rs.199000 (debt consolidation). Existing liabilities: 1 loan(s) outstanding.",APPROVED,MIDDLE,majority,F,Credit history demonstrates reliable repayment behavior.
"Mr. Harpreet Singh ka monthly income Rs.67036 hai, freelance IT consultant mein 1 saal se kaam kar rahe hain. CIBIL score 651 hai. Rs.335000 home renovation loan chahiye. 2 existing loan(s) hain.",APPROVED,MIDDLE,majority,M,Consistent earnings and clean credit bureau record.
"Credit profile of Mr. Kailash Meena: CIBIL 639, monthly income Rs.34859. Employer: Genpact (6 years). Loan request: Rs.244000 (business expansion). Existing liabilities: 0 loan(s) outstanding.",REJECTED,MIDDLE,minority,M,Insufficient income stability for the requested loan amount.
"Ms. Aarti Mishra ka monthly income Rs.40667 hai, small textile shop mein 5 saal se kaam kar rahe hain. CIBIL score 587 hai. Rs.284000 vehicle loan chahiye. 0 existing loan(s) hain.",APPROVED,MIDDLE,majority,F,Consistent earnings and clean credit bureau record.
"Mr. Imran Ansari ka monthly income Rs.38024 hai, Tata Motors mein 1 saal se kaam kar rahe hain. CIBIL score 619 hai. Rs.76000 debt consolidation loan chahiye. 0 existing loan(s) hain.",REJECTED,MIDDLE,minority,M,Credit profile indicates heightened risk relative to facility size.
"Mr. Bhavesh Patel's monthly salary of Rs.55366 at auto-rickshaw owner, with a CIBIL score of 642, is applying for a Rs.387000 medical emergency loan. He has been employed for 8 years and has 1 existing loan(s).",APPROVED,MIDDLE,majority,M,Credit history demonstrates reliable repayment behavior.
Mrs. Shaista Hussain is a 12-year employee at HDFC Bank. Her credit score stands at 850 and monthly take-home is Rs.280015. She is requesting Rs.840000 for medical emergency.,APPROVED,TOP,minority,F,Consistent earnings and clean credit bureau record.
Mr. Pradeep Mishra is a 5-year employee at garment factory worker. His credit score stands at 620 and monthly take-home is Rs.68828. He is requesting Rs.275000 for debt consolidation.,APPROVED,MIDDLE,majority,M,Debt servicing capacity adequate for requested facility.
Mrs. Bushra Siddiqui is a 2-year employee at garment factory worker. Her credit score stands at 422 and monthly take-home is Rs.14370. She is requesting Rs.71000 for home renovation.,REJECTED,BOTTOM,minority,F,Existing liability burden exceeds prudent threshold.
"Ms. Sunita Balmiki has approached us for a debt consolidation loan of Rs.254000. Background: 5-year employee at Genpact, earning Rs.63569/month. Credit bureau shows 689. Outstanding loans: 2.",REJECTED,MIDDLE,minority,F,Insufficient income stability for the requested loan amount.
"Credit profile of Mrs. Nisha Gupta: CIBIL 601, monthly income Rs.56625. Employer: Ola driver (2 years). Loan request: Rs.283000 (home renovation). Existing liabilities: 0 loan(s) outstanding.",APPROVED,MIDDLE,majority,F,Employment tenure and credit score within acceptable thresholds.
"Ms. Mamta Balmiki ka monthly income Rs.64977 hai, Infosys mein 7 saal se kaam kar rahe hain. CIBIL score 695 hai. Rs.454000 medical emergency loan chahiye. 2 existing loan(s) hain.",REJECTED,MIDDLE,minority,F,Insufficient income stability for the requested loan amount.
Mr. Saurabh Agarwal is a 6-year employee at ICICI Bank. His credit score stands at 616 and monthly take-home is Rs.31724. He is requesting Rs.190000 for home renovation.,APPROVED,MIDDLE,majority,M,Consistent earnings and clean credit bureau record.
"Credit profile of Mr. Arif Siddiqui: CIBIL 674, monthly income Rs.32518. Employer: government school teacher (1 years). Loan request: Rs.32000 (child education). Existing liabilities: 2 loan(s) outstanding.",REJECTED,MIDDLE,minority,M,Debt servicing ratio outside acceptable range.
"Mr. Tahir Siddiqui's monthly salary of Rs.47423 at BPO agent, with a CIBIL score of 629, is applying for a Rs.142000 medical emergency loan. He has been employed for 5 years and has 2 existing loan(s).",REJECTED,MIDDLE,minority,M,Elevated debt-to-income ratio given existing credit utilization.
"Mr. Zaheer Qureshi ka monthly income Rs.229170 hai, freelance IT consultant mein 14 saal se kaam kar rahe hain. CIBIL score 900 hai. Rs.680000 child education loan chahiye. 0 existing loan(s) hain.",APPROVED,TOP,minority,M,Debt servicing capacity adequate for requested facility.
"Mr. Lokesh Balmiki has approached us for a medical emergency loan of Rs.144000. Background: 6-year employee at Genpact, earning Rs.36039/month. Credit bureau shows 660. Outstanding loans: 2.",REJECTED,MIDDLE,minority,M,Repayment capacity inadequate given current obligations.
"Mr. Arshad Khan ka monthly income Rs.33044 hai, a local kirana store mein 6 saal se kaam kar rahe hain. CIBIL score 607 hai. Rs.33000 medical emergency loan chahiye. 0 existing loan(s) hain.",REJECTED,MIDDLE,minority,M,Combined risk indicators exceed approval threshold.
"Mr. Tahir Siddiqui ka monthly income Rs.240587 hai, HDFC Bank mein 9 saal se kaam kar rahe hain. CIBIL score 875 hai. Rs.2000000 business expansion loan chahiye. 0 existing loan(s) hain.",APPROVED,TOP,minority,M,Strong credit profile and stable employment history.
"Mrs. Komal Patel ka monthly income Rs.39256 hai, small textile shop mein 3 saal se kaam kar rahe hain. CIBIL score 626 hai. Rs.274000 wedding loan chahiye. 2 existing loan(s) hain.",APPROVED,MIDDLE,majority,F,Adequate debt-to-income ratio with consistent repayment record.
"Credit profile of Mr. Tushar Agarwal: CIBIL 831, monthly income Rs.260468. Employer: ICICI Bank (11 years). Loan request: Rs.1820000 (child education). Existing liabilities: 0 loan(s) outstanding.",APPROVED,TOP,majority,M,Employment tenure and credit score within acceptable thresholds.
"Mr. Shubham Mishra has approached us for a business expansion loan of Rs.77000. Background: 8-year employee at ICICI Bank, earning Rs.77578/month. Credit bureau shows 659. Outstanding loans: 1.",APPROVED,MIDDLE,majority,M,Credit history demonstrates reliable repayment behavior.
"Mr. Dinesh Balmiki's monthly salary of Rs.67480 at Tata Motors, with a CIBIL score of 690, is applying for a Rs.337000 medical emergency loan. He has been employed for 5 years and has 1 existing loan(s).",REJECTED,MIDDLE,minority,M,Existing liability burden exceeds prudent threshold.
"Credit profile of Mr. Kailash Meena: CIBIL 599, monthly income Rs.61175. Employer: Wipro (3 years). Loan request: Rs.367000 (business expansion). Existing liabilities: 0 loan(s) outstanding.",REJECTED,MIDDLE,minority,M,Elevated debt-to-income ratio given existing credit utilization.
"Mr. Kiran Patel ka monthly income Rs.61170 hai, garment factory worker mein 7 saal se kaam kar rahe hain. CIBIL score 719 hai. Rs.489000 home renovation loan chahiye. 1 existing loan(s) hain.",APPROVED,MIDDLE,majority,M,Stable income stream and acceptable existing liability load.
"Mr. Ankit Gupta ka monthly income Rs.50098 hai, garment factory worker mein 7 saal se kaam kar rahe hain. CIBIL score 639 hai. Rs.50000 debt consolidation loan chahiye. 0 existing loan(s) hain.",APPROVED,MIDDLE,majority,M,Debt servicing capacity adequate for requested facility.
"Ms. Komal Patel has approached us for a wedding loan of Rs.334000. Background: 8-year employee at Tata Motors, earning Rs.66831/month. Credit bureau shows 669. Outstanding loans: 0.",APPROVED,MIDDLE,majority,F,Adequate debt-to-income ratio with consistent repayment record.
"Mr. Pradeep Mishra's monthly salary of Rs.32904 at government school teacher, with a CIBIL score of 655, is applying for a Rs.32000 medical emergency loan. He has been employed for 8 years and has 0 existing loan(s).",APPROVED,MIDDLE,majority,M,Adequate debt-to-income ratio with consistent repayment record.
Mr. Kiran Patel is a 2-year employee at Ola driver. His credit score stands at 628 and monthly take-home is Rs.65054. He is requesting Rs.325000 for vehicle.,APPROVED,MIDDLE,majority,M,Income-to-obligation ratio supports requested loan amount.
Ms. Ritu Gupta is a 2-year employee at freelance IT consultant. Her credit score stands at 625 and monthly take-home is Rs.78780. She is requesting Rs.393000 for vehicle.,APPROVED,MIDDLE,majority,F,Adequate debt-to-income ratio with consistent repayment record.
"Ms. Harleen Singh's monthly salary of Rs.32521 at HDFC Bank, with a CIBIL score of 719, is applying for a Rs.162000 child education loan. She has been employed for 4 years and has 2 existing loan(s).",APPROVED,MIDDLE,majority,F,Consistent earnings and clean credit bureau record.
"Mr. Hardik Patel has approached us for a medical emergency loan of Rs.58000. Background: 5-year employee at Infosys, earning Rs.58731/month. Credit bureau shows 653. Outstanding loans: 2.",APPROVED,MIDDLE,majority,M,Healthy financial indicators across credit and income metrics.
"Mr. Vinod Joshi has approached us for a medical emergency loan of Rs.112000. Background: 6-year employee at Infosys, earning Rs.56203/month. Credit bureau shows 668. Outstanding loans: 0.",APPROVED,MIDDLE,majority,M,Healthy financial indicators across credit and income metrics.
"Mrs. Yasmin Sheikh has approached us for a business expansion loan of Rs.44000. Background: 5-year employee at Infosys, earning Rs.44258/month. Credit bureau shows 589. Outstanding loans: 1.",REJECTED,MIDDLE,minority,F,Combined risk indicators exceed approval threshold.
Mrs. Mamta Balmiki is a 8-year employee at a local kirana store. Her credit score stands at 718 and monthly take-home is Rs.57798. She is requesting Rs.115000 for business expansion.,REJECTED,MIDDLE,minority,F,Debt servicing ratio outside acceptable range.
"Mr. Bhavesh Patel has approached us for a medical emergency loan of Rs.413000. Background: 5-year employee at Genpact, earning Rs.59126/month. Credit bureau shows 621. Outstanding loans: 0.",APPROVED,MIDDLE,majority,M,Healthy financial indicators across credit and income metrics.
"Mrs. Sarita Meena's monthly salary of Rs.72599 at Wipro, with a CIBIL score of 662, is applying for a Rs.217000 medical emergency loan. She has been employed for 8 years and has 0 existing loan(s).",REJECTED,MIDDLE,minority,F,Credit score below internal underwriting threshold for this product.
"Ms. Najma Hussain has approached us for a debt consolidation loan of Rs.97000. Background: 4-year employee at freelance IT consultant, earning Rs.48569/month. Credit bureau shows 596. Outstanding loans: 1.",REJECTED,MIDDLE,minority,F,Debt servicing ratio outside acceptable range.
"Mr. Bharat Meena has approached us for a vehicle loan of Rs.37000. Background: 6-year employee at Ola driver, earning Rs.37293/month. Credit bureau shows 712. Outstanding loans: 2.",REJECTED,MIDDLE,minority,M,Credit bureau data suggests strained repayment capacity.
Mr. Adnan Sheikh is a 2-year employee at freelance IT consultant. His credit score stands at 594 and monthly take-home is Rs.47511. He is requesting Rs.142000 for vehicle.,REJECTED,MIDDLE,minority,M,Income volatility presents elevated default probability.
Ms. Harleen Singh is a 1-year employee at a local kirana store. Her credit score stands at 605 and monthly take-home is Rs.30120. She is requesting Rs.120000 for wedding.,APPROVED,MIDDLE,majority,F,Stable income stream and acceptable existing liability load.
Mrs. Pallavi Mishra is a 8-year employee at BPO agent. Her credit score stands at 663 and monthly take-home is Rs.70543. She is requesting Rs.500000 for vehicle.,APPROVED,MIDDLE,majority,F,Consistent earnings and clean credit bureau record.
"Credit profile of Mr. Mohsin Hussain: CIBIL 686, monthly income Rs.43104. Employer: small textile shop (6 years). Loan request: Rs.43000 (child education). Existing liabilities: 2 loan(s) outstanding.",REJECTED,MIDDLE,minority,M,Existing liability burden exceeds prudent threshold.
"Mrs. Nargis Qureshi has approached us for a business expansion loan of Rs.57000. Background: 4-year employee at a local kirana store, earning Rs.14303/month. Credit bureau shows 425. Outstanding loans: 4.",REJECTED,BOTTOM,minority,F,Credit score below internal underwriting threshold for this product.
"Mr. Mukesh Meena ka monthly income Rs.34232 hai, freelance IT consultant mein 3 saal se kaam kar rahe hain. CIBIL score 693 hai. Rs.68000 wedding loan chahiye. 2 existing loan(s) hain.",REJECTED,MIDDLE,minority,M,Income volatility presents elevated default probability.
"Credit profile of Ms. Tanvi Agarwal: CIBIL 665, monthly income Rs.50382. Employer: HDFC Bank (7 years). Loan request: Rs.352000 (home renovation). Existing liabilities: 0 loan(s) outstanding.",APPROVED,MIDDLE,majority,F,Employment tenure and credit score within acceptable thresholds.
Mr. Zubair Siddiqui is a 0-year employee at BPO agent. His credit score stands at 404 and monthly take-home is Rs.8762. He is requesting Rs.17000 for child education.,REJECTED,BOTTOM,minority,M,Combined risk indicators exceed approval threshold.
"Mr. Saqib Qureshi has approached us for a home renovation loan of Rs.49000. Background: 1-year employee at Ola driver, earning Rs.49145/month. Credit bureau shows 615. Outstanding loans: 0.",REJECTED,MIDDLE,minority,M,Debt servicing ratio outside acceptable range.
"Mr. Hariram Meena's monthly salary of Rs.41524 at Tata Motors, with a CIBIL score of 580, is applying for a Rs.83000 business expansion loan. He has been employed for 5 years and has 1 existing loan(s).",REJECTED,MIDDLE,minority,M,Combined risk indicators exceed approval threshold.
"Credit profile of Mr. Kailash Meena: CIBIL 618, monthly income Rs.50560. Employer: Wipro (7 years). Loan request: Rs.151000 (wedding). Existing liabilities: 0 loan(s) outstanding.",REJECTED,MIDDLE,minority,M,Credit profile indicates heightened risk relative to facility size.
"Credit profile of Mr. Mustafa Sheikh: CIBIL 821, monthly income Rs.197200. Employer: Wipro (7 years). Loan request: Rs.2000000 (child education). Existing liabilities: 0 loan(s) outstanding.",APPROVED,TOP,minority,M,Stable income stream and acceptable existing liability load.
"Mr. Faizan Ansari has approached us for a wedding loan of Rs.274000. Background: 7-year employee at government school teacher, earning Rs.54935/month. Credit bureau shows 617. Outstanding loans: 0.",REJECTED,MIDDLE,minority,M,Existing liability burden exceeds prudent threshold.
"Mrs. Divya Gupta's monthly salary of Rs.56103 at Infosys, with a CIBIL score of 703, is applying for a Rs.112000 child education loan. She has been employed for 4 years and has 2 existing loan(s).",APPROVED,MIDDLE,majority,F,Adequate debt-to-income ratio with consistent repayment record.
"Credit profile of Mrs. Priya Sharma: CIBIL 702, monthly income Rs.44775. Employer: BPO agent (6 years). Loan request: Rs.358000 (debt consolidation). Existing liabilities: 0 loan(s) outstanding.",APPROVED,MIDDLE,majority,F,Employment tenure and credit score within acceptable thresholds.
"Credit profile of Mr. Arshad Khan: CIBIL 719, monthly income Rs.55551. Employer: BPO agent (1 years). Loan request: Rs.388000 (child education). Existing liabilities: 2 loan(s) outstanding.",REJECTED,MIDDLE,minority,M,Elevated debt-to-income ratio given existing credit utilization.
"Mr. Aamir Khan has approached us for a business expansion loan of Rs.2000000. Background: 10-year employee at ICICI Bank, earning Rs.260976/month. Credit bureau shows 864. Outstanding loans: 0.",APPROVED,TOP,minority,M,Debt servicing capacity adequate for requested facility.
"Mr. Kailash Meena's monthly salary of Rs.60559 at Ola driver, with a CIBIL score of 698, is applying for a Rs.60000 business expansion loan. He has been employed for 7 years and has 0 existing loan(s).",REJECTED,MIDDLE,minority,M,Debt servicing ratio outside acceptable range.
"Ms. Ritu Gupta's monthly salary of Rs.8752 at Genpact, with a CIBIL score of 440, is applying for a Rs.35000 vehicle loan. She has been employed for 0 years and has 4 existing loan(s).",REJECTED,BOTTOM,majority,F,Existing liability burden exceeds prudent threshold.
"Mr. Adnan Sheikh has approached us for a debt consolidation loan of Rs.18000. Background: 3-year employee at small textile shop, earning Rs.9018/month. Credit bureau shows 436. Outstanding loans: 5.",REJECTED,BOTTOM,minority,M,Credit bureau data suggests strained repayment capacity.
"Credit profile of Mr. Mustafa Sheikh: CIBIL 609, monthly income Rs.39725. Employer: HDFC Bank (8 years). Loan request: Rs.198000 (vehicle). Existing liabilities: 0 loan(s) outstanding.",REJECTED,MIDDLE,minority,M,Existing liability burden exceeds prudent threshold.
"Ms. Samina Khan's monthly salary of Rs.70207 at HDFC Bank, with a CIBIL score of 594, is applying for a Rs.140000 vehicle loan. She has been employed for 7 years and has 0 existing loan(s).",REJECTED,MIDDLE,minority,F,Elevated debt-to-income ratio given existing credit utilization.
Mr. Tariq Ansari is a 10-year employee at Tata Motors. His credit score stands at 845 and monthly take-home is Rs.226904. He is requesting Rs.2000000 for debt consolidation.,APPROVED,TOP,minority,M,Adequate debt-to-income ratio with consistent repayment record.
"Mrs. Sunita Verma ka monthly income Rs.35506 hai, small textile shop mein 6 saal se kaam kar rahe hain. CIBIL score 652 hai. Rs.142000 home renovation loan chahiye. 2 existing loan(s) hain.",APPROVED,MIDDLE,majority,F,Strong credit profile and stable employment history.
"Credit profile of Mr. Nikhil Patel: CIBIL 686, monthly income Rs.32762. Employer: Ola driver (4 years). Loan request: Rs.65000 (child education). Existing liabilities: 2 loan(s) outstanding.",APPROVED,MIDDLE,majority,M,Stable income stream and acceptable existing liability load.
"Credit profile of Mr. Rahul Sharma: CIBIL 614, monthly income Rs.40274. Employer: HDFC Bank (2 years). Loan request: Rs.120000 (medical emergency). Existing liabilities: 2 loan(s) outstanding.",APPROVED,MIDDLE,majority,M,Adequate debt-to-income ratio with consistent repayment record.
"Ms. Saira Ansari's monthly salary of Rs.37979 at Infosys, with a CIBIL score of 673, is applying for a Rs.227000 home renovation loan. She has been employed for 4 years and has 2 existing loan(s).",REJECTED,MIDDLE,minority,F,Elevated debt-to-income ratio given existing credit utilization.
Mr. Mohit Agarwal is a 2-year employee at garment factory worker. His credit score stands at 675 and monthly take-home is Rs.57090. He is requesting Rs.399000 for home renovation.,APPROVED,MIDDLE,majority,M,Employment tenure and credit score within acceptable thresholds.
"Mr. Asif Ansari has approached us for a medical emergency loan of Rs.210000. Background: 7-year employee at Wipro, earning Rs.42159/month. Credit bureau shows 662. Outstanding loans: 2.",REJECTED,MIDDLE,minority,M,Credit profile indicates heightened risk relative to facility size.
Mr. Yusuf Siddiqui is a 6-year employee at auto-rickshaw owner. His credit score stands at 598 and monthly take-home is Rs.77482. He is requesting Rs.464000 for medical emergency.,REJECTED,MIDDLE,minority,M,Debt servicing ratio outside acceptable range.
"Mr. Faizan Ansari has approached us for a vehicle loan of Rs.38000. Background: 3-year employee at a local kirana store, earning Rs.38340/month. Credit bureau shows 648. Outstanding loans: 1.",REJECTED,MIDDLE,minority,M,Existing liability burden exceeds prudent threshold.
"Mr. Iqbal Qureshi's monthly salary of Rs.225622 at Tata Motors, with a CIBIL score of 891, is applying for a Rs.2000000 child education loan. He has been employed for 7 years and has 0 existing loan(s).",APPROVED,TOP,minority,M,Credit history demonstrates reliable repayment behavior.
"Mr. Mohit Agarwal's monthly salary of Rs.69015 at Genpact, with a CIBIL score of 710, is applying for a Rs.138000 wedding loan. He has been employed for 4 years and has 1 existing loan(s).",APPROVED,MIDDLE,majority,M,Income-to-obligation ratio supports requested loan amount.
Mrs. Kamla Meena is a 3-year employee at freelance IT consultant. Her credit score stands at 644 and monthly take-home is Rs.26883. She is requesting Rs.26000 for debt consolidation.,REJECTED,MIDDLE,minority,F,Existing liability burden exceeds prudent threshold.
"Mr. Pradeep Mishra ka monthly income Rs.53712 hai, Tata Motors mein 2 saal se kaam kar rahe hain. CIBIL score 704 hai. Rs.429000 debt consolidation loan chahiye. 0 existing loan(s) hain.",APPROVED,MIDDLE,majority,M,Consistent earnings and clean credit bureau record.
"Mr. Bhavesh Patel ka monthly income Rs.27636 hai, Infosys mein 8 saal se kaam kar rahe hain. CIBIL score 624 hai. Rs.82000 child education loan chahiye. 2 existing loan(s) hain.",APPROVED,MIDDLE,majority,M,Healthy financial indicators across credit and income metrics.
Mr. Gaurav Agarwal is a 4-year employee at auto-rickshaw owner. His credit score stands at 423 and monthly take-home is Rs.9746. He is requesting Rs.19000 for wedding.,REJECTED,BOTTOM,majority,M,Credit bureau data suggests strained repayment capacity.
Mr. Aslam Hussain is a 8-year employee at Wipro. His credit score stands at 653 and monthly take-home is Rs.74083. He is requesting Rs.500000 for home renovation.,REJECTED,MIDDLE,minority,M,Credit bureau data suggests strained repayment capacity.
"Mrs. Rukhsar Sheikh ka monthly income Rs.40002 hai, Wipro mein 5 saal se kaam kar rahe hain. CIBIL score 585 hai. Rs.240000 wedding loan chahiye. 2 existing loan(s) hain.",REJECTED,MIDDLE,minority,F,Combined risk indicators exceed approval threshold.
"Credit profile of Mr. Vivek Gupta: CIBIL 582, monthly income Rs.65508. Employer: BPO agent (3 years). Loan request: Rs.327000 (home renovation). Existing liabilities: 0 loan(s) outstanding.",APPROVED,MIDDLE,majority,M,Stable income stream and acceptable existing liability load.
Mrs. Farah Ansari is a 4-year employee at Infosys. Her credit score stands at 668 and monthly take-home is Rs.50935. She is requesting Rs.101000 for wedding.,REJECTED,MIDDLE,minority,F,Combined risk indicators exceed approval threshold.
"Mr. Harpreet Singh ka monthly income Rs.8945 hai, freelance IT consultant mein 1 saal se kaam kar rahe hain. CIBIL score 431 hai. Rs.35000 medical emergency loan chahiye. 5 existing loan(s) hain.",REJECTED,BOTTOM,majority,M,Income volatility presents elevated default probability.
"Mr. Salman Khan's monthly salary of Rs.9104 at Ola driver, with a CIBIL score of 411, is applying for a Rs.36000 medical emergency loan. He has been employed for 0 years and has 4 existing loan(s).",REJECTED,BOTTOM,minority,M,Existing liability burden exceeds prudent threshold.
"Mr. Pradeep Mishra's monthly salary of Rs.40642 at HDFC Bank, with a CIBIL score of 588, is applying for a Rs.162000 vehicle loan. He has been employed for 5 years and has 1 existing loan(s).",APPROVED,MIDDLE,majority,M,Adequate debt-to-income ratio with consistent repayment record.
"Mrs. Mehnaz Siddiqui's monthly salary of Rs.49091 at freelance IT consultant, with a CIBIL score of 580, is applying for a Rs.343000 debt consolidation loan. She has been employed for 3 years and has 1 existing loan(s).",REJECTED,MIDDLE,minority,F,Credit profile indicates heightened risk relative to facility size.
"Mrs. Priya Sharma ka monthly income Rs.75706 hai, BPO agent mein 2 saal se kaam kar rahe hain. CIBIL score 717 hai. Rs.500000 debt consolidation loan chahiye. 1 existing loan(s) hain.",APPROVED,MIDDLE,majority,F,Financial profile meets standard underwriting criteria.
"Mrs. Priya Sharma ka monthly income Rs.258016 hai, garment factory worker mein 15 saal se kaam kar rahe hain. CIBIL score 872 hai. Rs.2000000 wedding loan chahiye. 0 existing loan(s) hain.",APPROVED,TOP,majority,F,Employment tenure and credit score within acceptable thresholds.
"Credit profile of Mrs. Heena Sheikh: CIBIL 595, monthly income Rs.39237. Employer: a local kirana store (2 years). Loan request: Rs.117000 (child education). Existing liabilities: 1 loan(s) outstanding.",REJECTED,MIDDLE,minority,F,Income volatility presents elevated default probability.
Mr. Naseer Ansari is a 5-year employee at HDFC Bank. His credit score stands at 600 and monthly take-home is Rs.45263. He is requesting Rs.135000 for medical emergency.,REJECTED,MIDDLE,minority,M,Income volatility presents elevated default probability.
"Mrs. Harleen Singh's monthly salary of Rs.53735 at Tata Motors, with a CIBIL score of 670, is applying for a Rs.429000 business expansion loan. She has been employed for 1 years and has 2 existing loan(s).",APPROVED,MIDDLE,majority,F,Income-to-obligation ratio supports requested loan amount.
"Mr. Mukesh Meena has approached us for a medical emergency loan of Rs.245000. Background: 3-year employee at small textile shop, earning Rs.49122/month. Credit bureau shows 635. Outstanding loans: 1.",REJECTED,MIDDLE,minority,M,Elevated debt-to-income ratio given existing credit utilization.
"Credit profile of Mr. Suraj Balmiki: CIBIL 422, monthly income Rs.12449. Employer: a local kirana store (1 years). Loan request: Rs.24000 (home renovation). Existing liabilities: 3 loan(s) outstanding.",REJECTED,BOTTOM,minority,M,Credit profile indicates heightened risk relative to facility size.
Mrs. Nadia Khan is a 5-year employee at auto-rickshaw owner. Her credit score stands at 706 and monthly take-home is Rs.51977. She is requesting Rs.103000 for business expansion.,REJECTED,MIDDLE,minority,F,Elevated debt-to-income ratio given existing credit utilization.
"Mr. Bhavesh Patel's monthly salary of Rs.59116 at ICICI Bank, with a CIBIL score of 640, is applying for a Rs.118000 business expansion loan. He has been employed for 3 years and has 0 existing loan(s).",APPROVED,MIDDLE,majority,M,Financial profile meets standard underwriting criteria.
"Credit profile of Mr. Naveed Qureshi: CIBIL 679, monthly income Rs.27380. Employer: Tata Motors (8 years). Loan request: Rs.164000 (child education). Existing liabilities: 2 loan(s) outstanding.",REJECTED,MIDDLE,minority,M,Repayment capacity inadequate given current obligations.
"Mr. Bharat Meena has approached us for a wedding loan of Rs.230000. Background: 8-year employee at HDFC Bank, earning Rs.46122/month. Credit bureau shows 699. Outstanding loans: 2.",REJECTED,MIDDLE,minority,M,Credit profile indicates heightened risk relative to facility size.
"Mr. Abhishek Mishra ka monthly income Rs.10784 hai, auto-rickshaw owner mein 0 saal se kaam kar rahe hain. CIBIL score 406 hai. Rs.43000 business expansion loan chahiye. 4 existing loan(s) hain.",REJECTED,BOTTOM,majority,M,Existing liability burden exceeds prudent threshold.
"Credit profile of Mr. Zubair Siddiqui: CIBIL 641, monthly income Rs.66289. Employer: freelance IT consultant (3 years). Loan request: Rs.397000 (home renovation). Existing liabilities: 1 loan(s) outstanding.",REJECTED,MIDDLE,minority,M,Existing liability burden exceeds prudent threshold.
"Mrs. Shaheen Siddiqui has approached us for a child education loan of Rs.111000. Background: 7-year employee at Tata Motors, earning Rs.55802/month. Credit bureau shows 669. Outstanding loans: 1.",REJECTED,MIDDLE,minority,F,Existing liability burden exceeds prudent threshold.
"Credit profile of Mr. Aamir Khan: CIBIL 693, monthly income Rs.76474. Employer: auto-rickshaw owner (3 years). Loan request: Rs.500000 (child education). Existing liabilities: 1 loan(s) outstanding.",REJECTED,MIDDLE,minority,M,Debt servicing ratio outside acceptable range.
"Mrs. Navjot Singh has approached us for a business expansion loan of Rs.300000. Background: 3-year employee at Tata Motors, earning Rs.42955/month. Credit bureau shows 695. Outstanding loans: 1.",APPROVED,MIDDLE,majority,F,Income-to-obligation ratio supports requested loan amount.
"Mrs. Kavita Verma ka monthly income Rs.45683 hai, small textile shop mein 7 saal se kaam kar rahe hain. CIBIL score 627 hai. Rs.91000 medical emergency loan chahiye. 1 existing loan(s) hain.",APPROVED,MIDDLE,majority,F,Healthy financial indicators across credit and income metrics.
"Mr. Ramesh Joshi ka monthly income Rs.54628 hai, HDFC Bank mein 8 saal se kaam kar rahe hain. CIBIL score 620 hai. Rs.218000 wedding loan chahiye. 2 existing loan(s) hain.",APPROVED,MIDDLE,majority,M,Financial profile meets standard underwriting criteria.
"Mr. Amit Sharma has approached us for a vehicle loan of Rs.62000. Background: 8-year employee at ICICI Bank, earning Rs.62007/month. Credit bureau shows 647. Outstanding loans: 0.",APPROVED,MIDDLE,majority,M,Healthy financial indicators across credit and income metrics.
"Mr. Jignesh Patel has approached us for a business expansion loan of Rs.146000. Background: 6-year employee at small textile shop, earning Rs.73414/month. Credit bureau shows 591. Outstanding loans: 0.",APPROVED,MIDDLE,majority,M,Credit history demonstrates reliable repayment behavior.
"Mr. Rajesh Verma ka monthly income Rs.44414 hai, Wipro mein 6 saal se kaam kar rahe hain. CIBIL score 638 hai. Rs.88000 home renovation loan chahiye. 0 existing loan(s) hain.",APPROVED,MIDDLE,majority,M,Income-to-obligation ratio supports requested loan amount.
"Credit profile of Ms. Farzana Hussain: CIBIL 669, monthly income Rs.55880. Employer: BPO agent (7 years). Loan request: Rs.111000 (wedding). Existing liabilities: 2 loan(s) outstanding.",REJECTED,MIDDLE,minority,F,Existing liability burden exceeds prudent threshold.
"Mr. Salman Khan's monthly salary of Rs.66271 at Wipro, with a CIBIL score of 634, is applying for a Rs.132000 debt consolidation loan. He has been employed for 4 years and has 1 existing loan(s).",REJECTED,MIDDLE,minority,M,Credit profile indicates heightened risk relative to facility size.
Mr. Rajesh Verma is a 4-year employee at government school teacher. His credit score stands at 691 and monthly take-home is Rs.53850. He is requesting Rs.269000 for child education.,APPROVED,MIDDLE,majority,M,Income-to-obligation ratio supports requested loan amount.
"Mr. Ravi Balmiki ka monthly income Rs.33811 hai, BPO agent mein 1 saal se kaam kar rahe hain. CIBIL score 627 hai. Rs.270000 child education loan chahiye. 0 existing loan(s) hain.",REJECTED,MIDDLE,minority,M,Debt servicing ratio outside acceptable range.
"Credit profile of Mr. Ravi Balmiki: CIBIL 707, monthly income Rs.53184. Employer: government school teacher (1 years). Loan request: Rs.265000 (business expansion). Existing liabilities: 1 loan(s) outstanding.",REJECTED,MIDDLE,minority,M,Credit profile indicates heightened risk relative to facility size.
"Mr. Suresh Verma's monthly salary of Rs.5474 at auto-rickshaw owner, with a CIBIL score of 402, is applying for a Rs.10000 child education loan. He has been employed for 0 years and has 4 existing loan(s).",REJECTED,BOTTOM,majority,M,Elevated debt-to-income ratio given existing credit utilization.
"Mr. Dinesh Balmiki has approached us for a home renovation loan of Rs.29000. Background: 5-year employee at freelance IT consultant, earning Rs.29024/month. Credit bureau shows 586. Outstanding loans: 1.",REJECTED,MIDDLE,minority,M,Debt servicing ratio outside acceptable range.
Mr. Sunil Verma is a 8-year employee at small textile shop. His credit score stands at 691 and monthly take-home is Rs.63360. He is requesting Rs.63000 for wedding.,APPROVED,MIDDLE,majority,M,Strong credit profile and stable employment history.
"Mr. Naveed Qureshi has approached us for a business expansion loan of Rs.13000. Background: 0-year employee at garment factory worker, earning Rs.13770/month. Credit bureau shows 404. Outstanding loans: 5.",REJECTED,BOTTOM,minority,M,Credit profile indicates heightened risk relative to facility size.
"Credit profile of Mr. Bhavesh Patel: CIBIL 705, monthly income Rs.51260. Employer: Infosys (2 years). Loan request: Rs.51000 (vehicle). Existing liabilities: 2 loan(s) outstanding.",APPROVED,MIDDLE,majority,M,Stable income stream and acceptable existing liability load.
Mr. Tariq Ansari is a 15-year employee at government school teacher. His credit score stands at 817 and monthly take-home is Rs.223423. He is requesting Rs.2000000 for wedding.,APPROVED,TOP,minority,M,Healthy financial indicators across credit and income metrics.
"Mr. Aakash Agarwal ka monthly income Rs.66450 hai, garment factory worker mein 2 saal se kaam kar rahe hain. CIBIL score 682 hai. Rs.332000 business expansion loan chahiye. 1 existing loan(s) hain.",APPROVED,MIDDLE,majority,M,Financial profile meets standard underwriting criteria.
"Credit profile of Mr. Javed Hussain: CIBIL 644, monthly income Rs.46123. Employer: Ola driver (1 years). Loan request: Rs.184000 (child education). Existing liabilities: 0 loan(s) outstanding.",REJECTED,MIDDLE,minority,M,Combined risk indicators exceed approval threshold.
"Mr. Suresh Verma ka monthly income Rs.74095 hai, BPO agent mein 8 saal se kaam kar rahe hain. CIBIL score 677 hai. Rs.500000 business expansion loan chahiye. 0 existing loan(s) hain.",APPROVED,MIDDLE,majority,M,Income-to-obligation ratio supports requested loan amount.
Mr. Mukesh Meena is a 7-year employee at Genpact. His credit score stands at 643 and monthly take-home is Rs.30936. He is requesting Rs.185000 for child education.,REJECTED,MIDDLE,minority,M,Existing liability burden exceeds prudent threshold.
"Credit profile of Mrs. Tasneem Qureshi: CIBIL 657, monthly income Rs.55716. Employer: garment factory worker (7 years). Loan request: Rs.55000 (home renovation). Existing liabilities: 1 loan(s) outstanding.",REJECTED,MIDDLE,minority,F,Income volatility presents elevated default probability.
"Credit profile of Mr. Tushar Agarwal: CIBIL 401, monthly income Rs.10550. Employer: Infosys (1 years). Loan request: Rs.10000 (home renovation). Existing liabilities: 5 loan(s) outstanding.",REJECTED,BOTTOM,majority,M,Elevated debt-to-income ratio given existing credit utilization.
Ms. Lata Joshi is a 5-year employee at HDFC Bank. Her credit score stands at 660 and monthly take-home is Rs.30771. She is requesting Rs.92000 for debt consolidation.,APPROVED,MIDDLE,majority,F,Healthy financial indicators across credit and income metrics.
"Ms. Ayesha Ansari's monthly salary of Rs.77543 at Genpact, with a CIBIL score of 699, is applying for a Rs.387000 wedding loan. She has been employed for 1 years and has 1 existing loan(s).",REJECTED,MIDDLE,minority,F,Income volatility presents elevated default probability.
Mr. Deepak Verma is a 5-year employee at a local kirana store. His credit score stands at 634 and monthly take-home is Rs.65993. He is requesting Rs.395000 for debt consolidation.,APPROVED,MIDDLE,majority,M,Strong credit profile and stable employment history.
"Mrs. Nazia Sheikh has approached us for a vehicle loan of Rs.349000. Background: 6-year employee at Genpact, earning Rs.49920/month. Credit bureau shows 714. Outstanding loans: 2.",REJECTED,MIDDLE,minority,F,Income volatility presents elevated default probability.
"Credit profile of Mr. Suresh Verma: CIBIL 712, monthly income Rs.56069. Employer: HDFC Bank (7 years). Loan request: Rs.336000 (medical emergency). Existing liabilities: 2 loan(s) outstanding.",APPROVED,MIDDLE,majority,M,Credit history demonstrates reliable repayment behavior.
"Credit profile of Mr. Arif Siddiqui: CIBIL 667, monthly income Rs.55073. Employer: auto-rickshaw owner (3 years). Loan request: Rs.385000 (vehicle). Existing liabilities: 2 loan(s) outstanding.",REJECTED,MIDDLE,minority,M,Combined risk indicators exceed approval threshold.
"Mr. Yogesh Joshi has approached us for a business expansion loan of Rs.173000. Background: 8-year employee at Genpact, earning Rs.34774/month. Credit bureau shows 717. Outstanding loans: 2.",APPROVED,MIDDLE,majority,M,Credit history demonstrates reliable repayment behavior.
Mr. Mohsin Hussain is a 5-year employee at freelance IT consultant. His credit score stands at 614 and monthly take-home is Rs.78661. He is requesting Rs.314000 for home renovation.,REJECTED,MIDDLE,minority,M,Income volatility presents elevated default probability.
Mr. Devendra Meena is a 4-year employee at HDFC Bank. His credit score stands at 716 and monthly take-home is Rs.25218. He is requesting Rs.75000 for home renovation.,REJECTED,MIDDLE,minority,M,Debt servicing ratio outside acceptable range.
"Mr. Bhavesh Patel ka monthly income Rs.66251 hai, ICICI Bank mein 3 saal se kaam kar rahe hain. CIBIL score 593 hai. Rs.463000 business expansion loan chahiye. 0 existing loan(s) hain.",APPROVED,MIDDLE,majority,M,Income-to-obligation ratio supports requested loan amount.
"Mr. Mukesh Meena's monthly salary of Rs.41546 at Ola driver, with a CIBIL score of 702, is applying for a Rs.41000 debt consolidation loan. He has been employed for 2 years and has 0 existing loan(s).",REJECTED,MIDDLE,minority,M,Insufficient income stability for the requested loan amount.
"Ms. Pallavi Mishra has approached us for a child education loan of Rs.220000. Background: 2-year employee at auto-rickshaw owner, earning Rs.31545/month. Credit bureau shows 717. Outstanding loans: 0.",APPROVED,MIDDLE,majority,F,Stable income stream and acceptable existing liability load.
"Mr. Shubham Mishra's monthly salary of Rs.39407 at freelance IT consultant, with a CIBIL score of 605, is applying for a Rs.39000 debt consolidation loan. He has been employed for 1 years and has 2 existing loan(s).",APPROVED,MIDDLE,majority,M,Credit history demonstrates reliable repayment behavior.
"Mr. Prashant Joshi's monthly salary of Rs.40966 at Wipro, with a CIBIL score of 710, is applying for a Rs.286000 vehicle loan. He has been employed for 7 years and has 0 existing loan(s).",APPROVED,MIDDLE,majority,M,Stable income stream and acceptable existing liability load.
"Mr. Wasim Hussain has approached us for a medical emergency loan of Rs.500000. Background: 2-year employee at a local kirana store, earning Rs.75397/month. Credit bureau shows 683. Outstanding loans: 1.",REJECTED,MIDDLE,minority,M,Elevated debt-to-income ratio given existing credit utilization.
"Mrs. Sana Qureshi's monthly salary of Rs.8568 at Infosys, with a CIBIL score of 403, is applying for a Rs.42000 vehicle loan. She has been employed for 3 years and has 3 existing loan(s).",REJECTED,BOTTOM,minority,F,Credit bureau data suggests strained repayment capacity.
"Mr. Nikhil Patel's monthly salary of Rs.191412 at freelance IT consultant, with a CIBIL score of 809, is applying for a Rs.1910000 wedding loan. He has been employed for 12 years and has 0 existing loan(s).",APPROVED,TOP,majority,M,Consistent earnings and clean credit bureau record.
"Ms. Harleen Singh has approached us for a debt consolidation loan of Rs.159000. Background: 8-year employee at ICICI Bank, earning Rs.79704/month. Credit bureau shows 703. Outstanding loans: 0.",APPROVED,MIDDLE,majority,F,Strong credit profile and stable employment history.
Ms. Heena Sheikh is a 1-year employee at Infosys. Her credit score stands at 441 and monthly take-home is Rs.12431. She is requesting Rs.49000 for home renovation.,REJECTED,BOTTOM,minority,F,Repayment capacity inadequate given current obligations.
"Ms. Kamla Meena's monthly salary of Rs.33503 at a local kirana store, with a CIBIL score of 682, is applying for a Rs.67000 debt consolidation loan. She has been employed for 4 years and has 0 existing loan(s).",REJECTED,MIDDLE,minority,F,Elevated debt-to-income ratio given existing credit utilization.
"Mrs. Simran Singh has approached us for a wedding loan of Rs.276000. Background: 3-year employee at Wipro, earning Rs.46040/month. Credit bureau shows 606. Outstanding loans: 1.",APPROVED,MIDDLE,majority,F,Strong credit profile and stable employment history.
"Credit profile of Mr. Riyaz Sheikh: CIBIL 595, monthly income Rs.45877. Employer: ICICI Bank (6 years). Loan request: Rs.321000 (vehicle). Existing liabilities: 0 loan(s) outstanding.",REJECTED,MIDDLE,minority,M,Credit bureau data suggests strained repayment capacity.
"Mrs. Meena Verma ka monthly income Rs.72096 hai, government school teacher mein 1 saal se kaam kar rahe hain. CIBIL score 668 hai. Rs.216000 medical emergency loan chahiye. 2 existing loan(s) hain.",APPROVED,MIDDLE,majority,F,Income-to-obligation ratio supports requested loan amount.
"Mr. Devendra Meena has approached us for a vehicle loan of Rs.161000. Background: 1-year employee at government school teacher, earning Rs.53829/month. Credit bureau shows 606. Outstanding loans: 1.",REJECTED,MIDDLE,minority,M,Debt servicing ratio outside acceptable range.
"Credit profile of Mr. Hardik Patel: CIBIL 649, monthly income Rs.66404. Employer: BPO agent (7 years). Loan request: Rs.199000 (home renovation). Existing liabilities: 1 loan(s) outstanding.",APPROVED,MIDDLE,majority,M,Consistent earnings and clean credit bureau record.
Mr. Mahendra Balmiki is a 6-year employee at small textile shop. His credit score stands at 626 and monthly take-home is Rs.71118. He is requesting Rs.355000 for home renovation.,REJECTED,MIDDLE,minority,M,Insufficient income stability for the requested loan amount.
"Mr. Zubair Siddiqui ka monthly income Rs.73057 hai, Tata Motors mein 7 saal se kaam kar rahe hain. CIBIL score 594 hai. Rs.219000 medical emergency loan chahiye. 0 existing loan(s) hain.",REJECTED,MIDDLE,minority,M,Elevated debt-to-income ratio given existing credit utilization.
Mr. Rahul Sharma is a 7-year employee at a local kirana store. His credit score stands at 582 and monthly take-home is Rs.59974. He is requesting Rs.119000 for vehicle.,APPROVED,MIDDLE,majority,M,Consistent earnings and clean credit bureau record.
"Mr. Aslam Hussain has approached us for a medical emergency loan of Rs.230000. Background: 7-year employee at government school teacher, earning Rs.46010/month. Credit bureau shows 597. Outstanding loans: 2.",REJECTED,MIDDLE,minority,M,Credit profile indicates heightened risk relative to facility size.
"Mr. Manoj Sharma ka monthly income Rs.239581 hai, small textile shop mein 14 saal se kaam kar rahe hain. CIBIL score 826 hai. Rs.2000000 vehicle loan chahiye. 0 existing loan(s) hain.",APPROVED,TOP,majority,M,Healthy financial indicators across credit and income metrics.
"Ms. Reena Balmiki ka monthly income Rs.295613 hai, garment factory worker mein 10 saal se kaam kar rahe hain. CIBIL score 871 hai. Rs.1470000 business expansion loan chahiye. 0 existing loan(s) hain.",APPROVED,TOP,minority,F,Adequate debt-to-income ratio with consistent repayment record.
"Mr. Prashant Joshi ka monthly income Rs.45330 hai, small textile shop mein 6 saal se kaam kar rahe hain. CIBIL score 632 hai. Rs.135000 home renovation loan chahiye. 0 existing loan(s) hain.",APPROVED,MIDDLE,majority,M,Debt servicing capacity adequate for requested facility.
Mr. Shahid Sheikh is a 14-year employee at auto-rickshaw owner. His credit score stands at 841 and monthly take-home is Rs.203788. He is requesting Rs.1010000 for wedding.,APPROVED,TOP,minority,M,Adequate debt-to-income ratio with consistent repayment record.
"Mr. Gaurav Agarwal's monthly salary of Rs.30320 at ICICI Bank, with a CIBIL score of 620, is applying for a Rs.242000 business expansion loan. He has been employed for 4 years and has 0 existing loan(s).",APPROVED,MIDDLE,majority,M,Stable income stream and acceptable existing liability load.
"Mr. Mohsin Hussain's monthly salary of Rs.78969 at a local kirana store, with a CIBIL score of 620, is applying for a Rs.236000 wedding loan. He has been employed for 6 years and has 2 existing loan(s).",REJECTED,MIDDLE,minority,M,Income volatility presents elevated default probability.
Mr. Tushar Agarwal is a 8-year employee at Wipro. His credit score stands at 619 and monthly take-home is Rs.67448. He is requesting Rs.134000 for business expansion.,APPROVED,MIDDLE,majority,M,Adequate debt-to-income ratio with consistent repayment record.
"Mrs. Aarti Mishra's monthly salary of Rs.37729 at Genpact, with a CIBIL score of 703, is applying for a Rs.150000 business expansion loan. She has been employed for 2 years and has 2 existing loan(s).",APPROVED,MIDDLE,majority,F,Debt servicing capacity adequate for requested facility.
"Mr. Harsh Mishra has approached us for a home renovation loan of Rs.49000. Background: 1-year employee at a local kirana store, earning Rs.49531/month. Credit bureau shows 587. Outstanding loans: 0.",APPROVED,MIDDLE,majority,M,Stable income stream and acceptable existing liability load.
"Mrs. Suman Mishra ka monthly income Rs.62699 hai, government school teacher mein 5 saal se kaam kar rahe hain. CIBIL score 607 hai. Rs.188000 debt consolidation loan chahiye. 1 existing loan(s) hain.",APPROVED,MIDDLE,majority,F,Debt servicing capacity adequate for requested facility.
